Timp,CPU%,Memorie%,Disk%,DiskIO,Net_RX/Net_TX,Top_CPU,Top_MEM,Cronjobs,Porturi,Procese_root,Fisiere_modificate,Pachete_noi,Status_nginx
2025-07-07 10:35:03,0,11.82,66%,,"2848967 574610","   1859 cinnamon        94.1;   2130 firefox-bin     19.3;   1295 Xorg             8.6;|   2130 firefox-bin      3.6;   1859 cinnamon         2.4;   2426 Isolated Web Co  2.2;",23,3,187,"passwd hosts ","",NU_RULEAZA
2025-07-07 10:36:33,0,12.19,66%,0,"3703811 681482","   1859 cinnamon        92.6;   2130 firefox-bin     15.9;   2426 Isolated Web Co  8.4;|   2130 firefox-bin      3.6;   2426 Isolated Web Co  2.6;   1859 cinnamon         2.4;",25,3,187,"passwd hosts ","",NU_RULEAZA
2025-07-07 10:36:48,0,11.91,66%,0,"3704682 681977","   1859 cinnamon        87.9;   2130 firefox-bin     15.1;   2426 Isolated Web Co  7.9;|   2130 firefox-bin      3.6;   1859 cinnamon         2.4;   2426 Isolated Web Co  2.3;",27,3,193,"passwd shadow hosts ","",NU_RULEAZA
2025-07-07 10:39:18,0,12.08,66%,0,"3800753 871075","   1859 cinnamon        82.2;   2130 firefox-bin     13.3;   2426 Isolated Web Co  8.2;|   2130 firefox-bin      3.7;   1859 cinnamon         2.4;   2426 Isolated Web Co  2.4;",25,3,173,"OK","",NU_RULEAZA
2025-07-07 10:46:29,12,12.77,66%,0,"3985073 1262049","   1859 cinnamon        67.3;   2130 firefox-bin     10.7;   2426 Isolated Web Co  7.6;|   2130 firefox-bin      4.0;   2426 Isolated Web Co  2.8;   1859 cinnamon         2.4;",25,3,176,"OK","",NU_RULEAZA
2025-07-07 10:47:30,13,13.20,66%,0,"4050949 1382859","   1859 cinnamon        67.3;   2130 firefox-bin     10.5;   2426 Isolated Web Co  7.9;|   2130 firefox-bin      3.9;   2426 Isolated Web Co  3.1;   1859 cinnamon         2.4;",25,3,176,"OK","",NU_RULEAZA
2025-07-07 10:50:33,65,13.92,66%,0,"4118735 1564300","   1859 cinnamon        65.8;   2130 firefox-bin     10.1;   2426 Isolated Web Co  8.0;|   2426 Isolated Web Co  4.0;   2130 firefox-bin      4.0;   1859 cinnamon         2.4;",25,3,175,"OK","",NU_RULEAZA
2025-07-07 10:50:49,9,14.14,66%,0,"4121334 1577493","   1859 cinnamon        66.4;   2130 firefox-bin     10.2;   2426 Isolated Web Co  8.0;|   2426 Isolated Web Co  4.0;   2130 firefox-bin      4.0;   1859 cinnamon         2.5;",25,3,176,"OK","",NU_RULEAZA
2025-07-07 10:51:50,1,13.23,66%,0,"4169216 1701959","   1859 cinnamon        65.6;   2130 firefox-bin     10.2;   2426 Isolated Web Co  8.2;|   2130 firefox-bin      4.0;   2426 Isolated Web Co  3.0;   1859 cinnamon         2.5;",25,3,175,"OK","",NU_RULEAZA
2025-07-07 10:52:51,0,13.18,66%,0,"4172331 1705740","   1859 cinnamon        62.4;   2130 firefox-bin      9.7;   2426 Isolated Web Co  7.8;|   2130 firefox-bin      4.0;   2426 Isolated Web Co  3.0;   1859 cinnamon         2.5;",25,3,175,"OK","",NU_RULEAZA
2025-07-07 10:53:53,0,13.19,66%,0,"4172697 1706106","   1859 cinnamon        59.6;   2130 firefox-bin      9.3;   2426 Isolated Web Co  7.5;|   2130 firefox-bin      4.0;   2426 Isolated Web Co  3.0;   1859 cinnamon         2.5;",25,3,174,"OK","",NU_RULEAZA
2025-07-07 10:54:54,0,13.20,66%,0,"4173483 1706994","   1859 cinnamon        57.0;   2130 firefox-bin      8.9;   2426 Isolated Web Co  7.1;|   2130 firefox-bin      4.0;   2426 Isolated Web Co  3.0;   1859 cinnamon         2.5;",25,3,174,"OK","",NU_RULEAZA
2025-07-07 10:55:55,0,13.20,66%,0,"4173979 1707154","   1859 cinnamon        54.5;   2130 firefox-bin      8.5;   2426 Isolated Web Co  6.9;|   2130 firefox-bin      4.0;   2426 Isolated Web Co  3.0;   1859 cinnamon         2.5;",25,3,175,"OK","",NU_RULEAZA
2025-07-07 10:56:56,0,12.90,66%,0,"4174854 1707649","   1859 cinnamon        52.3;   2130 firefox-bin      8.2;   2426 Isolated Web Co  6.6;|   2130 firefox-bin      3.9;   2426 Isolated Web Co  2.8;   1859 cinnamon         2.5;",25,3,173,"OK","",NU_RULEAZA
2025-07-07 10:57:58,0,12.90,66%,0,"4174992 1707731","   1859 cinnamon        50.3;   2130 firefox-bin      7.8;   2426 Isolated Web Co  6.4;|   2130 firefox-bin      3.9;   2426 Isolated Web Co  2.8;   1859 cinnamon         2.5;",25,3,173,"OK","",NU_RULEAZA
2025-07-07 10:58:59,0,12.91,66%,0,"4174992 1707731","   1859 cinnamon        48.5;   2130 firefox-bin      7.5;   2426 Isolated Web Co  6.2;|   2130 firefox-bin      3.9;   2426 Isolated Web Co  2.8;   1859 cinnamon         2.5;",25,3,173,"OK","",NU_RULEAZA
2025-07-07 11:00:00,21,13.29,66%,0,"4206927 1758536","   1859 cinnamon        47.7;   2130 firefox-bin      7.5;   2426 Isolated Web Co  6.2;|   2130 firefox-bin      4.0;   2426 Isolated Web Co  3.2;   1859 cinnamon         2.5;",25,3,173,"OK","",NU_RULEAZA
2025-07-07 11:01:01,0,13.07,66%,0,"4219252 1797054","   1859 cinnamon        47.3;   2130 firefox-bin      7.4;   2426 Isolated Web Co  6.1;|   2130 firefox-bin      3.9;   2426 Isolated Web Co  2.9;   1859 cinnamon         2.5;",25,3,173,"OK","",NU_RULEAZA
2025-07-07 11:02:02,0,13.22,66%,0,"4242631 1819784","   1859 cinnamon        46.4;   2130 firefox-bin      7.2;   2426 Isolated Web Co  6.0;|   2130 firefox-bin      4.0;   2426 Isolated Web Co  3.0;   1859 cinnamon         2.5;",25,3,173,"OK","",NU_RULEAZA
2025-07-07 11:03:04,0,14.31,66%,0,"4278753 1904277","   1859 cinnamon        46.5;   2130 firefox-bin      7.3;   2426 Isolated Web Co  6.3;|   2426 Isolated Web Co  4.0;   2130 firefox-bin      4.0;   1859 cinnamon         2.5;",25,3,173,"OK","",NU_RULEAZA
2025-07-07 11:04:05,1,13.84,66%,0,"4305727 1949117","   1859 cinnamon        46.7;   2130 firefox-bin      7.4;   2426 Isolated Web Co  6.3;|   2130 firefox-bin      4.0;   2426 Isolated Web Co  3.7;   1859 cinnamon         2.5;",25,3,173,"OK","",NU_RULEAZA
2025-07-07 11:05:06,3,13.64,66%,0,"4349171 2019645","   1859 cinnamon        47.9;   2130 firefox-bin      7.6;   2426 Isolated Web Co  6.4;|   2130 firefox-bin      4.0;   2426 Isolated Web Co  3.4;   1859 cinnamon         2.5;",25,3,173,"OK","",NU_RULEAZA
2025-07-07 11:06:07,12,13.47,66%,0,"4381888 2097733","   1859 cinnamon        48.6;   2130 firefox-bin      7.6;   2426 Isolated Web Co  6.7;|   2130 firefox-bin      4.0;   2426 Isolated Web Co  3.1;   1859 cinnamon         2.5;",25,3,172,"OK","",NU_RULEAZA
2025-07-07 11:07:09,8,14.06,66%,0,"4467989 2264556","   1859 cinnamon        49.6;   2130 firefox-bin      7.8;   2426 Isolated Web Co  7.0;|   2130 firefox-bin      4.1;   2426 Isolated Web Co  3.7;   1859 cinnamon         2.5;",25,3,172,"OK","",NU_RULEAZA
2025-07-07 11:08:10,0,14.51,66%,0,"4650313 2587471","   1859 cinnamon        50.3;   2130 firefox-bin      7.9;   2426 Isolated Web Co  7.3;|   2426 Isolated Web Co  4.3;   2130 firefox-bin      4.1;   1859 cinnamon         2.5;",25,3,172,"OK","",NU_RULEAZA
2025-07-07 11:09:11,4,13.77,66%,0,"4704790 2690659","   1859 cinnamon        51.0;   2130 firefox-bin      8.0;   2426 Isolated Web Co  7.4;|   2130 firefox-bin      4.1;   2426 Isolated Web Co  3.5;   1859 cinnamon         2.5;",25,3,172,"OK","",NU_RULEAZA
2025-07-07 11:10:12,60,14.13,66%,0,"4785251 2826676","   1859 cinnamon        51.7;   2130 firefox-bin      8.0;   2426 Isolated Web Co  7.6;|   2130 firefox-bin      4.1;   2426 Isolated Web Co  3.8;   1859 cinnamon         2.5;",25,3,172,"OK","",NU_RULEAZA
2025-07-07 11:11:13,5,13.92,66%,0,"4806462 2878611","   1859 cinnamon        53.1;   2130 firefox-bin      8.1;   2426 Isolated Web Co  7.8;|   2130 firefox-bin      4.1;   2426 Isolated Web Co  3.5;   1859 cinnamon         2.5;",25,3,173,"OK","",NU_RULEAZA
2025-07-07 11:12:10,4,13.97,66,0,3,180,2299,25
2025-07-07 11:12:15,0,13.98,66%,0,"4811626 2904022","   1859 cinnamon        53.4;   2130 firefox-bin      8.2;   2426 Isolated Web Co  7.7;|   2130 firefox-bin      4.1;   2426 Isolated Web Co  3.5;   1859 cinnamon         2.5;",25,3,178,"OK","",NU_RULEAZA
2025-07-07 11:13:16,0,14.06,66%,0,"4854927 3009402","   1859 cinnamon        53.5;   2130 firefox-bin      8.2;   2426 Isolated Web Co  7.8;|   2130 firefox-bin      4.2;   2426 Isolated Web Co  3.6;   1859 cinnamon         2.5;",25,3,174,"OK","",NU_RULEAZA
2025-07-07 11:14:17,1,7.30,66%,0,"4869049 3042396","   1859 cinnamon        52.8;   1295 Xorg             4.9;   4470 gnome-terminal-  0.4;|   1859 cinnamon         2.5;   1295 Xorg             1.4;   2581 mintUpdate       0.7;",25,3,178,"OK","",NU_RULEAZA
2025-07-07 11:15:18,0,12.71,66%,0,"6138620 3534538","   1859 cinnamon        52.6;   6809 firefox-bin     21.5;   7033 Isolated Web Co 19.6;|   6809 firefox-bin      3.5;   7033 Isolated Web Co  3.2;   1859 cinnamon         2.6;",25,3,179,"OK","",NU_RULEAZA
2025-07-07 11:16:20,0,12.62,66%,0,"6146322 3543024","   1859 cinnamon        51.5;   6809 firefox-bin      9.6;   7033 Isolated Web Co  8.5;|   6809 firefox-bin      3.5;   7033 Isolated Web Co  3.1;   1859 cinnamon         2.6;",25,3,178,"OK","",NU_RULEAZA
2025-07-07 11:17:21,0,12.62,66%,0,"6150237 3546563","   1859 cinnamon        50.3;   6809 firefox-bin      6.2;   7033 Isolated Web Co  5.4;|   6809 firefox-bin      3.5;   7033 Isolated Web Co  3.1;   1859 cinnamon         2.6;",25,3,177,"OK","",NU_RULEAZA
2025-07-07 11:18:22,0,12.59,66%,0,"6152670 3549483","   1859 cinnamon        49.2;   1295 Xorg             4.6;   6809 firefox-bin      4.5;|   6809 firefox-bin      3.5;   7033 Isolated Web Co  3.1;   1859 cinnamon         2.6;",25,3,177,"OK","",NU_RULEAZA
2025-07-07 11:19:23,0,12.59,66%,0,"6152970 3549834","   1859 cinnamon        48.2;   1295 Xorg             4.5;   6809 firefox-bin      3.6;|   6809 firefox-bin      3.5;   7033 Isolated Web Co  3.1;   1859 cinnamon         2.6;",25,3,172,"OK","",NU_RULEAZA
2025-07-07 11:20:25,0,12.32,66%,0,"6155405 3552588","   1859 cinnamon        47.2;   1295 Xorg             4.4;   6809 firefox-bin      3.0;|   6809 firefox-bin      3.5;   7033 Isolated Web Co  2.9;   1859 cinnamon         2.6;",25,3,172,"OK","",NU_RULEAZA
2025-07-07 11:21:26,0,12.30,66%,0,"6155558 3552741","   1859 cinnamon        46.2;   1295 Xorg             4.4;   6809 firefox-bin      2.6;|   6809 firefox-bin      3.5;   7033 Isolated Web Co  2.9;   1859 cinnamon         2.6;",25,3,172,"OK","",NU_RULEAZA
2025-07-07 11:22:27,0,12.31,66%,0,"6156886 3553740","   1859 cinnamon        45.2;   1295 Xorg             4.3;   6809 firefox-bin      2.2;|   6809 firefox-bin      3.5;   7033 Isolated Web Co  2.9;   1859 cinnamon         2.6;",25,3,173,"OK","",NU_RULEAZA
2025-07-07 11:23:28,1,12.31,66%,0,"6156946 3553800","   1859 cinnamon        44.4;   1295 Xorg             4.2;   6809 firefox-bin      2.0;|   6809 firefox-bin      3.5;   7033 Isolated Web Co  2.9;   1859 cinnamon         2.6;",25,3,173,"OK","",NU_RULEAZA
2025-07-07 11:24:30,0,12.31,66%,0,"6156946 3553800","   1859 cinnamon        43.5;   1295 Xorg             4.1;   6809 firefox-bin      1.8;|   6809 firefox-bin      3.5;   7033 Isolated Web Co  2.9;   1859 cinnamon         2.6;",25,3,173,"OK","",NU_RULEAZA
2025-07-07 11:25:31,0,12.31,66%,0,"6157580 3554042","   1859 cinnamon        42.7;   1295 Xorg             4.0;   6809 firefox-bin      1.6;|   6809 firefox-bin      3.5;   7033 Isolated Web Co  2.9;   1859 cinnamon         2.6;",25,3,173,"OK","",NU_RULEAZA
2025-07-07 11:26:32,7,12.93,66%,0,"7934782 3904414","   1859 cinnamon        43.1;   1295 Xorg             4.1;   6809 firefox-bin      2.6;|   6809 firefox-bin      3.7;   7033 Isolated Web Co  2.9;   1859 cinnamon         2.6;",25,3,174,"OK","",NU_RULEAZA
2025-07-07 11:27:33,0,12.82,66%,0,"7940005 3908824","   1859 cinnamon        42.3;   1295 Xorg             4.0;   6809 firefox-bin      2.5;|   6809 firefox-bin      3.7;   7033 Isolated Web Co  2.9;   1859 cinnamon         2.6;",25,3,173,"OK","",NU_RULEAZA
2025-07-07 11:28:35,0,12.83,66%,0,"7943107 3911926","   1859 cinnamon        41.6;   1295 Xorg             3.9;   6809 firefox-bin      2.3;|   6809 firefox-bin      3.7;   7033 Isolated Web Co  2.9;   1859 cinnamon         2.6;",25,3,173,"OK","",NU_RULEAZA
2025-07-07 11:29:36,0,12.81,66%,0,"7946605 3916082","   1859 cinnamon        40.9;   1295 Xorg             3.9;   6809 firefox-bin      2.2;|   6809 firefox-bin      3.7;   7033 Isolated Web Co  2.9;   1859 cinnamon         2.6;",25,3,173,"OK","",NU_RULEAZA
2025-07-07 11:30:37,0,14.96,66%,0,"8437786 4114516","   1859 cinnamon        41.0;   1295 Xorg             3.9;   6809 firefox-bin      3.1;|   6809 firefox-bin      4.2;   1859 cinnamon         2.6;   7033 Isolated Web Co  2.6;",25,3,173,"OK","",NU_RULEAZA
2025-07-07 11:31:38,0,14.11,66%,0,"8450600 4121675","   1859 cinnamon        40.3;   1295 Xorg             3.9;   6809 firefox-bin      3.0;|   6809 firefox-bin      4.1;   1859 cinnamon         2.6;   7033 Isolated Web Co  2.5;",25,3,172,"OK","",NU_RULEAZA
2025-07-07 11:32:40,0,14.90,66%,0,"8684057 4158240","   1859 cinnamon        39.9;   1295 Xorg             3.8;   6809 firefox-bin      3.1;|   6809 firefox-bin      4.1;   1859 cinnamon         2.6;   7033 Isolated Web Co  2.5;",25,3,173,"OK","",NU_RULEAZA
2025-07-07 11:33:41,0,14.92,66%,0,"8825229 4178543","   1859 cinnamon        39.5;   1295 Xorg             3.8;   6809 firefox-bin      3.0;|   6809 firefox-bin      4.1;   1859 cinnamon         2.6;   7033 Isolated Web Co  2.5;",25,3,173,"OK","",NU_RULEAZA
2025-07-07 11:34:42,0,14.93,66%,0,"8826475 4179611","   1859 cinnamon        38.9;   1295 Xorg             3.7;   6809 firefox-bin      2.9;|   6809 firefox-bin      4.1;   1859 cinnamon         2.6;   7033 Isolated Web Co  2.5;",25,3,173,"OK","",NU_RULEAZA
2025-07-07 11:35:43,0,14.84,66%,0,"8828046 4180775","   1859 cinnamon        38.3;   1295 Xorg             3.7;   6809 firefox-bin      2.8;|   6809 firefox-bin      4.1;   1859 cinnamon         2.6;   7033 Isolated Web Co  2.5;",25,3,173,"OK","",NU_RULEAZA
2025-07-07 11:36:44,0,14.84,66%,0,"8841397 4206072","   1859 cinnamon        37.7;   1295 Xorg             3.6;   6809 firefox-bin      2.7;|   6809 firefox-bin      4.1;   1859 cinnamon         2.6;   7033 Isolated Web Co  2.5;",25,3,173,"OK","",NU_RULEAZA
2025-07-07 11:37:46,0,14.66,66%,0,"8842262 4206881","   1859 cinnamon        37.1;   1295 Xorg             3.5;   6809 firefox-bin      2.5;|   6809 firefox-bin      4.1;   1859 cinnamon         2.6;   7033 Isolated Web Co  2.3;",25,3,172,"OK","",NU_RULEAZA
2025-07-07 11:38:47,0,15.47,66%,0,"9379567 4292616","   1859 cinnamon        37.0;   1295 Xorg             3.5;   6809 firefox-bin      2.8;|   6809 firefox-bin      4.3;   1859 cinnamon         2.6;   7033 Isolated Web Co  2.3;",25,3,172,"OK","",NU_RULEAZA
2025-07-07 11:39:48,0,15.41,66%,0,"9381803 4294770","   1859 cinnamon        36.4;   1295 Xorg             3.5;   6809 firefox-bin      2.7;|   6809 firefox-bin      4.3;   1859 cinnamon         2.6;   7033 Isolated Web Co  2.3;",25,3,172,"OK","",NU_RULEAZA
2025-07-07 11:40:49,0,15.42,66%,0,"9383561 4296264","   1859 cinnamon        35.9;   1295 Xorg             3.4;   6809 firefox-bin      2.6;|   6809 firefox-bin      4.3;   1859 cinnamon         2.6;   7033 Isolated Web Co  2.3;",25,3,172,"OK","",NU_RULEAZA
2025-07-07 11:41:51,0,15.43,66%,0,"9386084 4298247","   1859 cinnamon        35.4;   1295 Xorg             3.4;   6809 firefox-bin      2.5;|   6809 firefox-bin      4.3;   1859 cinnamon         2.6;   7033 Isolated Web Co  2.3;",25,3,172,"OK","",NU_RULEAZA
2025-07-07 11:42:52,0,15.44,66%,0,"9386224 4298331","   1859 cinnamon        34.9;   1295 Xorg             3.3;   6809 firefox-bin      2.5;|   6809 firefox-bin      4.3;   1859 cinnamon         2.6;   7033 Isolated Web Co  2.3;",25,3,172,"OK","",NU_RULEAZA
2025-07-07 11:43:54,0,15.45,66%,0,"9386424 4298475","   1859 cinnamon        34.4;   1295 Xorg             3.3;   6809 firefox-bin      2.4;|   6809 firefox-bin      4.3;   1859 cinnamon         2.6;   7033 Isolated Web Co  2.4;",25,3,172,"OK","",NU_RULEAZA
2025-07-07 11:44:55,0,15.46,66%,0,"9387220 4299195","   1859 cinnamon        33.9;   1295 Xorg             3.3;   6809 firefox-bin      2.3;|   6809 firefox-bin      4.3;   1859 cinnamon         2.6;   7033 Isolated Web Co  2.4;",25,3,172,"OK","",NU_RULEAZA
2025-07-07 11:45:56,0,15.45,66%,0,"9387796 4299559","   1859 cinnamon        33.5;   1295 Xorg             3.2;   6809 firefox-bin      2.2;|   6809 firefox-bin      4.3;   1859 cinnamon         2.6;   7033 Isolated Web Co  2.4;",25,3,172,"OK","",NU_RULEAZA
2025-07-07 11:46:58,0,15.46,66%,0,"9388871 4300198","   1859 cinnamon        33.0;   1295 Xorg             3.2;   6809 firefox-bin      2.1;|   6809 firefox-bin      4.4;   1859 cinnamon         2.6;   7033 Isolated Web Co  2.4;",25,3,172,"OK","",NU_RULEAZA
2025-07-07 11:47:59,2,15.32,66%,0,"9394678 4303728","   1859 cinnamon        32.6;   1295 Xorg             3.1;   6809 firefox-bin      2.1;|   6809 firefox-bin      4.2;   1859 cinnamon         2.6;   7033 Isolated Web Co  2.4;",25,3,172,"OK","",NU_RULEAZA
2025-07-07 11:49:00,0,15.30,66%,0,"9394877 4303931","   1859 cinnamon        32.1;   1295 Xorg             3.1;   6809 firefox-bin      2.0;|   6809 firefox-bin      4.2;   1859 cinnamon         2.6;   7033 Isolated Web Co  2.4;",25,3,172,"OK","",NU_RULEAZA
2025-07-07 11:50:01,0,15.31,66%,0,"9395214 4304216","   1859 cinnamon        31.7;   1295 Xorg             3.0;   6809 firefox-bin      2.0;|   6809 firefox-bin      4.2;   1859 cinnamon         2.6;   7033 Isolated Web Co  2.4;",25,3,172,"OK","",NU_RULEAZA
2025-07-07 11:51:03,0,15.31,66%,0,"9395849 4304521","   1859 cinnamon        31.3;   1295 Xorg             3.0;   6809 firefox-bin      1.9;|   6809 firefox-bin      4.2;   1859 cinnamon         2.6;   7033 Isolated Web Co  2.4;",25,3,172,"OK","",NU_RULEAZA
2025-07-07 12:00:07,31,15.40,66%,0,"9396542 4305302","   9676 cinnamon-screen 46.0;   1859 cinnamon        28.1;   9677 systemd-journal 23.0;|   6809 firefox-bin      4.2;   1859 cinnamon         2.6;   7033 Isolated Web Co  2.4;",25,3,205,"OK","",NU_RULEAZA
2025-07-07 12:01:08,11,16.19,66%,0,"12221753 4372673","   1859 cinnamon        27.9;   1295 Xorg             2.7;   6809 firefox-bin      1.7;|   6809 firefox-bin      4.7;   1859 cinnamon         2.6;   7033 Isolated Web Co  2.4;",25,3,204,"OK","",NU_RULEAZA
2025-07-07 12:02:09,0,16.13,66%,0,"12228468 4376575","   1859 cinnamon        27.6;   1295 Xorg             2.6;   6809 firefox-bin      1.7;|   6809 firefox-bin      4.7;   1859 cinnamon         2.6;   7033 Isolated Web Co  2.4;",25,3,204,"OK","",NU_RULEAZA
2025-07-07 12:03:11,0,16.14,66%,0,"12228927 4377158","   1859 cinnamon        27.3;   1295 Xorg             2.6;   6809 firefox-bin      1.6;|   6809 firefox-bin      4.7;   1859 cinnamon         2.6;   7033 Isolated Web Co  2.4;",25,3,204,"OK","",NU_RULEAZA
2025-07-07 12:04:12,0,16.15,66%,0,"12229962 4378479","   1859 cinnamon        27.0;   1295 Xorg             2.6;   6809 firefox-bin      1.6;|   6809 firefox-bin      4.7;   1859 cinnamon         2.6;   7033 Isolated Web Co  2.4;",25,3,204,"OK","",NU_RULEAZA
2025-07-07 12:05:13,1,16.16,66%,0,"12230526 4378651","   1859 cinnamon        26.7;   1295 Xorg             2.6;   6809 firefox-bin      1.6;|   6809 firefox-bin      4.7;   1859 cinnamon         2.6;   7033 Isolated Web Co  2.4;",25,3,204,"OK","",NU_RULEAZA
2025-07-07 12:06:14,0,16.16,66%,0,"12231723 4379420","   1859 cinnamon        26.4;   1295 Xorg             2.5;   6809 firefox-bin      1.5;|   6809 firefox-bin      4.7;   1859 cinnamon         2.6;   7033 Isolated Web Co  2.4;",25,3,172,"OK","",NU_RULEAZA
2025-07-07 12:07:16,0,16.16,66%,0,"12232158 4380011","   1859 cinnamon        26.1;   1295 Xorg             2.5;   6809 firefox-bin      1.5;|   6809 firefox-bin      4.7;   1859 cinnamon         2.6;   7033 Isolated Web Co  2.4;",25,3,171,"OK","",NU_RULEAZA
2025-07-07 12:08:17,0,16.17,66%,0,"12232357 4380154","   1859 cinnamon        25.9;   1295 Xorg             2.5;   6809 firefox-bin      1.5;|   6809 firefox-bin      4.7;   1859 cinnamon         2.6;   7033 Isolated Web Co  2.4;",25,3,171,"OK","",NU_RULEAZA
2025-07-07 12:09:18,0,16.17,66%,0,"12232556 4380297","   1859 cinnamon        25.6;   1295 Xorg             2.5;   6809 firefox-bin      1.5;|   6809 firefox-bin      4.7;   1859 cinnamon         2.6;   7033 Isolated Web Co  2.4;",25,3,171,"OK","",NU_RULEAZA
2025-07-07 12:10:19,0,16.17,66%,0,"12233180 4380529","   1859 cinnamon        25.3;   1295 Xorg             2.4;   6809 firefox-bin      1.4;|   6809 firefox-bin      4.7;   1859 cinnamon         2.6;   7033 Isolated Web Co  2.4;",25,3,171,"OK","",NU_RULEAZA
2025-07-07 12:11:21,0,16.18,66%,0,"12234322 4381179","   1859 cinnamon        25.1;   1295 Xorg             2.4;   6809 firefox-bin      1.4;|   6809 firefox-bin      4.7;   1859 cinnamon         2.6;   7033 Isolated Web Co  2.4;",25,3,171,"OK","",NU_RULEAZA
2025-07-07 12:12:22,0,16.11,66%,0,"12234818 4381831","   1859 cinnamon        24.9;   1295 Xorg             2.4;   6809 firefox-bin      1.4;|   6809 firefox-bin      4.7;   1859 cinnamon         2.6;   7033 Isolated Web Co  2.4;",25,3,171,"OK","",NU_RULEAZA
2025-07-07 12:13:23,1,16.12,66%,0,"12235018 4381975","   1859 cinnamon        24.6;   1295 Xorg             2.4;   6809 firefox-bin      1.4;|   6809 firefox-bin      4.7;   1859 cinnamon         2.6;   7033 Isolated Web Co  2.4;",25,3,171,"OK","",NU_RULEAZA
2025-07-07 12:14:24,0,16.13,66%,0,"12235218 4382119","   1859 cinnamon        24.4;   1295 Xorg             2.3;   6809 firefox-bin      1.3;|   6809 firefox-bin      4.7;   1859 cinnamon         2.6;   7033 Isolated Web Co  2.4;",25,3,171,"OK","",NU_RULEAZA
2025-07-07 12:15:26,0,16.13,66%,0,"12236901 4382978","   1859 cinnamon        24.1;   1295 Xorg             2.3;   6809 firefox-bin      1.3;|   6809 firefox-bin      4.7;   1859 cinnamon         2.6;   7033 Isolated Web Co  2.4;",25,3,171,"OK","",NU_RULEAZA
2025-07-07 12:16:27,0,16.13,66%,0,"12242818 4387585","   1859 cinnamon        23.9;   1295 Xorg             2.3;   6809 firefox-bin      1.3;|   6809 firefox-bin      4.7;   1859 cinnamon         2.6;   7033 Isolated Web Co  2.4;",25,3,171,"OK","",NU_RULEAZA
2025-07-07 12:17:28,0,16.14,66%,0,"12243318 4387973","   1859 cinnamon        23.7;   1295 Xorg             2.3;   6809 firefox-bin      1.3;|   6809 firefox-bin      4.7;   1859 cinnamon         2.6;   7033 Isolated Web Co  2.4;",25,3,171,"OK","",NU_RULEAZA
2025-07-07 12:18:30,0,16.15,66%,0,"12243918 4388582","   1859 cinnamon        23.5;   1295 Xorg             2.2;   6809 firefox-bin      1.2;|   6809 firefox-bin      4.7;   1859 cinnamon         2.6;   7033 Isolated Web Co  2.5;",25,3,171,"OK","",NU_RULEAZA
2025-07-07 12:19:31,1,16.15,66%,0,"12244058 4388666","   1859 cinnamon        23.3;   1295 Xorg             2.2;   6809 firefox-bin      1.2;|   6809 firefox-bin      4.7;   1859 cinnamon         2.6;   7033 Isolated Web Co  2.5;",25,3,171,"OK","",NU_RULEAZA
2025-07-07 12:20:32,0,16.66,66%,0,"13257001 4398660","   1859 cinnamon        23.0;   1295 Xorg             2.2;  11039 fwupd            1.6;|   6809 firefox-bin      4.7;   1859 cinnamon         2.6;   7033 Isolated Web Co  2.5;",25,3,173,"OK","",NU_RULEAZA
2025-07-07 12:21:33,0,16.67,66%,0,"13257497 4399312","   1859 cinnamon        22.8;   1295 Xorg             2.2;   6809 firefox-bin      1.2;|   6809 firefox-bin      4.7;   1859 cinnamon         2.6;   7033 Isolated Web Co  2.5;",25,3,173,"OK","",NU_RULEAZA
2025-07-07 12:22:35,0,16.69,66%,0,"13257697 4399456","   1859 cinnamon        22.6;   1295 Xorg             2.2;   6809 firefox-bin      1.2;|   6809 firefox-bin      4.7;   1859 cinnamon         2.6;   7033 Isolated Web Co  2.5;",25,3,173,"OK","",NU_RULEAZA
2025-07-07 12:23:36,0,16.69,66%,0,"13263500 4402942","   1859 cinnamon        22.4;   1295 Xorg             2.1;   6809 firefox-bin      1.2;|   6809 firefox-bin      4.7;   1859 cinnamon         2.6;   7033 Isolated Web Co  2.5;",25,3,173,"OK","",NU_RULEAZA
2025-07-07 12:24:37,1,16.71,66%,0,"13263699 4403145","   1859 cinnamon        22.3;   1295 Xorg             2.1;   6809 firefox-bin      1.1;|   6809 firefox-bin      4.7;   1859 cinnamon         2.6;   7033 Isolated Web Co  2.5;",25,3,173,"OK","",NU_RULEAZA
2025-07-07 12:25:38,0,16.71,66%,0,"13265321 4403943","   1859 cinnamon        22.1;   1295 Xorg             2.1;   6809 firefox-bin      1.1;|   6809 firefox-bin      4.7;   1859 cinnamon         2.6;   7033 Isolated Web Co  2.5;",25,3,173,"OK","",NU_RULEAZA
2025-07-07 12:26:40,0,16.71,66%,0,"13265520 4404086","   1859 cinnamon        21.9;   1295 Xorg             2.1;   6809 firefox-bin      1.1;|   6809 firefox-bin      4.7;   1859 cinnamon         2.6;   7033 Isolated Web Co  2.5;",25,3,173,"OK","",NU_RULEAZA
2025-07-07 12:27:41,0,16.72,66%,0,"13265719 4404229","   1859 cinnamon        21.7;   1295 Xorg             2.1;   6809 firefox-bin      1.1;|   6809 firefox-bin      4.7;   1859 cinnamon         2.6;   7033 Isolated Web Co  2.5;",25,3,173,"OK","",NU_RULEAZA
2025-07-07 12:28:42,0,16.72,66%,0,"13265918 4404372","   1859 cinnamon        21.5;   1295 Xorg             2.1;   6809 firefox-bin      1.1;|   6809 firefox-bin      4.7;   1859 cinnamon         2.6;   7033 Isolated Web Co  2.5;",25,3,173,"OK","",NU_RULEAZA
2025-07-07 12:29:44,0,16.73,66%,0,"13266117 4404515","   1859 cinnamon        21.3;   1295 Xorg             2.0;   6809 firefox-bin      1.1;|   6809 firefox-bin      4.7;   1859 cinnamon         2.6;   7033 Isolated Web Co  2.5;",25,3,173,"OK","",NU_RULEAZA
2025-07-07 12:30:45,0,16.53,66%,0,"13267883 4405457","   1859 cinnamon        21.2;   1295 Xorg             2.0;   6809 firefox-bin      1.0;|   6809 firefox-bin      4.7;   1859 cinnamon         2.6;   7033 Isolated Web Co  2.5;",25,3,172,"OK","",NU_RULEAZA
2025-07-07 12:31:46,3,16.50,66%,0,"13273610 4408597","   1859 cinnamon        21.0;   1295 Xorg             2.0;   6809 firefox-bin      1.0;|   6809 firefox-bin      4.7;   1859 cinnamon         2.6;   7033 Isolated Web Co  2.5;",25,3,171,"OK","",NU_RULEAZA
2025-07-07 12:32:47,0,16.50,66%,0,"13273809 4408740","   1859 cinnamon        20.8;   1295 Xorg             2.0;   6809 firefox-bin      1.0;|   6809 firefox-bin      4.7;   1859 cinnamon         2.6;   7033 Isolated Web Co  2.5;",25,3,171,"OK","",NU_RULEAZA
2025-07-07 12:33:49,0,16.51,66%,0,"13274009 4408884","   1859 cinnamon        20.6;   1295 Xorg             2.0;   6809 firefox-bin      1.0;|   6809 firefox-bin      4.7;   1859 cinnamon         2.6;   7033 Isolated Web Co  2.5;",25,3,173,"OK","",NU_RULEAZA
2025-07-07 12:34:50,0,16.51,66%,0,"13274209 4409028","   1859 cinnamon        20.5;   1295 Xorg             2.0;   6809 firefox-bin      1.0;|   6809 firefox-bin      4.7;   1859 cinnamon         2.6;   7033 Isolated Web Co  2.5;",25,3,173,"OK","",NU_RULEAZA
2025-07-07 12:35:51,0,16.52,66%,0,"13275836 4409887","   1859 cinnamon        20.3;   1295 Xorg             1.9;   6809 firefox-bin      1.0;|   6809 firefox-bin      4.7;   1859 cinnamon         2.6;   7033 Isolated Web Co  2.5;",25,3,173,"OK","",NU_RULEAZA
2025-07-07 12:36:52,0,16.52,66%,0,"13276036 4410031","   1859 cinnamon        20.2;   1295 Xorg             1.9;   6809 firefox-bin      1.0;|   6809 firefox-bin      4.7;   1859 cinnamon         2.6;   7033 Isolated Web Co  2.5;",25,3,173,"OK","",NU_RULEAZA
2025-07-07 12:37:54,0,16.52,66%,0,"13276236 4410175","   1859 cinnamon        20.0;   1295 Xorg             1.9;   6809 firefox-bin      1.0;|   6809 firefox-bin      4.7;   1859 cinnamon         2.6;   7033 Isolated Web Co  2.5;",25,3,173,"OK","",NU_RULEAZA
2025-07-07 12:38:55,0,16.53,66%,0,"13276732 4410827","   1859 cinnamon        19.8;   1295 Xorg             1.9;   6809 firefox-bin      1.0;|   6809 firefox-bin      4.7;   1859 cinnamon         2.6;   7033 Isolated Web Co  2.5;",25,3,172,"OK","",NU_RULEAZA
2025-07-07 12:39:56,1,16.53,66%,0,"13276932 4410971","   1859 cinnamon        19.7;   1295 Xorg             1.9;   6809 firefox-bin      0.9;|   6809 firefox-bin      4.7;   1859 cinnamon         2.6;   7033 Isolated Web Co  2.5;",25,3,173,"OK","",NU_RULEAZA
2025-07-07 12:40:57,0,16.53,66%,0,"13303911 4422265","   1859 cinnamon        19.5;   1295 Xorg             1.9;   6809 firefox-bin      0.9;|   6809 firefox-bin      4.7;   1859 cinnamon         2.6;   7033 Isolated Web Co  2.5;",25,3,173,"OK","",NU_RULEAZA
2025-07-07 12:41:59,0,16.53,66%,0,"13304407 4422639","   1859 cinnamon        19.4;   1295 Xorg             1.9;   6809 firefox-bin      0.9;|   6809 firefox-bin      4.7;   1859 cinnamon         2.6;   7033 Isolated Web Co  2.5;",25,3,173,"OK","",NU_RULEAZA
2025-07-07 12:43:00,0,16.52,66%,0,"13601457 4428206","   1859 cinnamon        19.3;   1295 Xorg             1.8;   6809 firefox-bin      0.9;|   6809 firefox-bin      4.7;   1859 cinnamon         2.6;   7033 Isolated Web Co  2.5;",25,3,173,"OK","",NU_RULEAZA
2025-07-07 12:44:01,0,16.53,66%,0,"13601656 4428349","   1859 cinnamon        19.1;   1295 Xorg             1.8;   6809 firefox-bin      0.9;|   6809 firefox-bin      4.7;   1859 cinnamon         2.6;   7033 Isolated Web Co  2.5;",25,3,173,"OK","",NU_RULEAZA
2025-07-07 12:45:03,0,16.53,66%,0,"13601855 4428492","   1859 cinnamon        19.0;   1295 Xorg             1.8;   6809 firefox-bin      0.9;|   6809 firefox-bin      4.7;   1859 cinnamon         2.6;   7033 Isolated Web Co  2.5;",25,3,173,"OK","",NU_RULEAZA
2025-07-07 12:46:04,0,16.54,66%,0,"13603481 4429290","   1859 cinnamon        18.8;   1295 Xorg             1.8;   6809 firefox-bin      0.9;|   6809 firefox-bin      4.7;   1859 cinnamon         2.6;   7033 Isolated Web Co  2.5;",25,3,172,"OK","",NU_RULEAZA
2025-07-07 12:47:05,0,16.55,66%,0,"13603680 4429433","   1859 cinnamon        18.7;   1295 Xorg             1.8;   6809 firefox-bin      0.9;|   6809 firefox-bin      4.8;   1859 cinnamon         2.6;   7033 Isolated Web Co  2.5;",25,3,172,"OK","",NU_RULEAZA
2025-07-07 12:48:06,0,16.55,66%,0,"13603879 4429576","   1859 cinnamon        18.6;   1295 Xorg             1.8;   6809 firefox-bin      0.9;|   6809 firefox-bin      4.8;   1859 cinnamon         2.6;   7033 Isolated Web Co  2.6;",25,3,172,"OK","",NU_RULEAZA
2025-07-07 12:49:08,0,16.56,66%,0,"13604078 4429719","   1859 cinnamon        18.4;   1295 Xorg             1.8;   6809 firefox-bin      0.9;|   6809 firefox-bin      4.8;   1859 cinnamon         2.6;   7033 Isolated Web Co  2.6;",25,3,172,"OK","",NU_RULEAZA
2025-07-07 12:50:09,0,16.56,66%,0,"13604277 4429862","   1859 cinnamon        18.3;   1295 Xorg             1.7;   6809 firefox-bin      0.8;|   6809 firefox-bin      4.8;   1859 cinnamon         2.6;   7033 Isolated Web Co  2.6;",25,3,172,"OK","",NU_RULEAZA
2025-07-07 12:51:10,0,16.56,66%,0,"13605844 4430663","   1859 cinnamon        18.2;   1295 Xorg             1.7;   6809 firefox-bin      0.8;|   6809 firefox-bin      4.8;   1859 cinnamon         2.6;   7033 Isolated Web Co  2.6;",25,3,172,"OK","",NU_RULEAZA
2025-07-07 12:52:11,0,16.55,66%,0,"13606044 4430807","   1859 cinnamon        18.1;   1295 Xorg             1.7;   6809 firefox-bin      0.8;|   6809 firefox-bin      4.8;   1859 cinnamon         2.6;   7033 Isolated Web Co  2.6;",25,3,172,"OK","",NU_RULEAZA
2025-07-07 12:53:13,0,16.57,66%,0,"13606244 4430951","   1859 cinnamon        17.9;   1295 Xorg             1.7;   6809 firefox-bin      0.8;|   6809 firefox-bin      4.8;   1859 cinnamon         2.6;   7033 Isolated Web Co  2.6;",25,3,172,"OK","",NU_RULEAZA
2025-07-07 12:54:14,0,16.57,66%,0,"13606444 4431095","   1859 cinnamon        17.8;   1295 Xorg             1.7;   6809 firefox-bin      0.8;|   6809 firefox-bin      4.8;   1859 cinnamon         2.6;   7033 Isolated Web Co  2.6;",25,3,172,"OK","",NU_RULEAZA
2025-07-07 12:55:15,0,16.58,66%,0,"13607069 4431328","   1859 cinnamon        17.7;   1295 Xorg             1.7;   6809 firefox-bin      0.8;|   6809 firefox-bin      4.8;   7033 Isolated Web Co  2.6;   1859 cinnamon         2.6;",25,3,172,"OK","",NU_RULEAZA
2025-07-07 12:56:17,0,16.59,66%,0,"13608211 4431978","   1859 cinnamon        17.6;   1295 Xorg             1.7;   6809 firefox-bin      0.8;|   6809 firefox-bin      4.8;   7033 Isolated Web Co  2.6;   1859 cinnamon         2.6;",25,3,172,"OK","",NU_RULEAZA
2025-07-07 12:57:18,0,16.59,66%,0,"13608411 4432122","   1859 cinnamon        17.5;   1295 Xorg             1.7;   6809 firefox-bin      0.8;|   6809 firefox-bin      4.8;   7033 Isolated Web Co  2.6;   1859 cinnamon         2.6;",25,3,172,"OK","",NU_RULEAZA
2025-07-07 12:58:19,0,16.59,66%,0,"13608611 4432266","   1859 cinnamon        17.3;   1295 Xorg             1.7;   6809 firefox-bin      0.8;|   6809 firefox-bin      4.8;   7033 Isolated Web Co  2.6;   1859 cinnamon         2.6;",25,3,172,"OK","",NU_RULEAZA
2025-07-07 12:59:20,0,16.59,66%,0,"13608811 4432410","   1859 cinnamon        17.2;   1295 Xorg             1.6;   6809 firefox-bin      0.8;|   6809 firefox-bin      4.8;   7033 Isolated Web Co  2.6;   1859 cinnamon         2.6;",25,3,172,"OK","",NU_RULEAZA
2025-07-07 13:00:22,0,16.60,66%,0,"13610540 4433325","   1859 cinnamon        17.1;   1295 Xorg             1.6;   6809 firefox-bin      0.8;|   6809 firefox-bin      4.8;   7033 Isolated Web Co  2.6;   1859 cinnamon         2.6;",25,3,172,"OK","",NU_RULEAZA
2025-07-07 13:01:23,0,16.22,66%,0,"13665954 4458711","   1859 cinnamon        17.0;   1295 Xorg             1.6;   6809 firefox-bin      0.8;|   6809 firefox-bin      4.2;   7033 Isolated Web Co  2.6;   1859 cinnamon         2.6;",25,3,172,"OK","",NU_RULEAZA
2025-07-07 13:02:24,0,16.21,66%,0,"13666413 4459174","   1859 cinnamon        16.9;   1295 Xorg             1.6;   6809 firefox-bin      0.8;|   6809 firefox-bin      4.2;   7033 Isolated Web Co  2.6;   1859 cinnamon         2.6;",25,3,172,"OK","",NU_RULEAZA
2025-07-07 13:03:25,0,16.22,66%,0,"13667292 4460127","   1859 cinnamon        16.8;   1295 Xorg             1.6;   6809 firefox-bin      0.8;|   6809 firefox-bin      4.2;   7033 Isolated Web Co  2.6;   1859 cinnamon         2.6;",25,3,172,"OK","",NU_RULEAZA
2025-07-07 13:04:27,0,16.21,66%,0,"13667431 4460210","   1859 cinnamon        16.7;   1295 Xorg             1.6;   6809 firefox-bin      0.8;|   6809 firefox-bin      4.2;   7033 Isolated Web Co  2.6;   1859 cinnamon         2.6;",25,3,172,"OK","",NU_RULEAZA
2025-07-07 13:05:28,0,16.22,66%,0,"13669117 4461128","   1859 cinnamon        16.6;   1295 Xorg             1.6;   6809 firefox-bin      0.8;|   6809 firefox-bin      4.2;   7033 Isolated Web Co  2.6;   1859 cinnamon         2.6;",25,3,172,"OK","",NU_RULEAZA
2025-07-07 13:06:29,0,16.22,66%,0,"13669256 4461211","   1859 cinnamon        16.5;   1295 Xorg             1.6;   6809 firefox-bin      0.8;|   6809 firefox-bin      4.2;   7033 Isolated Web Co  2.6;   1859 cinnamon         2.6;",25,3,172,"OK","",NU_RULEAZA
2025-07-07 13:07:31,0,16.21,66%,0,"13669594 4461437","   1859 cinnamon        16.4;   1295 Xorg             1.6;   6809 firefox-bin      0.8;|   6809 firefox-bin      4.2;   7033 Isolated Web Co  2.6;   1859 cinnamon         2.6;",25,3,172,"OK","",NU_RULEAZA
2025-07-07 13:08:32,1,16.20,66%,0,"13669793 4461580","   1859 cinnamon        16.3;   1295 Xorg             1.5;   6809 firefox-bin      0.8;|   6809 firefox-bin      4.2;   7033 Isolated Web Co  2.6;   1859 cinnamon         2.6;",25,3,172,"OK","",NU_RULEAZA
2025-07-07 13:09:33,0,16.20,66%,0,"13669992 4461723","   1859 cinnamon        16.2;   1295 Xorg             1.5;   6809 firefox-bin      0.8;|   6809 firefox-bin      4.2;   7033 Isolated Web Co  2.6;   1859 cinnamon         2.6;",25,3,172,"OK","",NU_RULEAZA
2025-07-07 13:10:34,0,16.20,66%,0,"13671679 4462582","   1859 cinnamon        16.1;   1295 Xorg             1.5;   6809 firefox-bin      0.8;|   6809 firefox-bin      4.2;   7033 Isolated Web Co  2.6;   1859 cinnamon         2.6;",25,3,172,"OK","",NU_RULEAZA
2025-07-07 13:11:36,0,16.21,66%,0,"13671879 4462726","   1859 cinnamon        16.0;   1295 Xorg             1.5;   6809 firefox-bin      0.8;|   6809 firefox-bin      4.2;   7033 Isolated Web Co  2.6;   1859 cinnamon         2.6;",25,3,172,"OK","",NU_RULEAZA
2025-07-07 13:12:37,0,16.20,66%,0,"13672079 4462870","   1859 cinnamon        15.9;   1295 Xorg             1.5;   6809 firefox-bin      0.8;|   6809 firefox-bin      4.2;   7033 Isolated Web Co  2.6;   1859 cinnamon         2.6;",25,3,172,"OK","",NU_RULEAZA
2025-07-07 13:13:38,0,16.20,66%,0,"13672575 4463432","   1859 cinnamon        15.8;   1295 Xorg             1.5;   6809 firefox-bin      0.8;|   6809 firefox-bin      4.2;   7033 Isolated Web Co  2.6;   1859 cinnamon         2.6;",25,3,172,"OK","",NU_RULEAZA
2025-07-10 11:33:18,0,15.14,66,0,3,177,2299,25
2025-07-11 11:08:17,0,12.45,66,0,3,181,2299,25
2025-07-11 11:09:24,49,12.47,66,0,3,175,2299,25
2025-07-11 11:10:13,0,12.86,66,0,3,176,2299,25
2025-07-15 10:14:51,7,15.03,68,0,3,173,2300,25
2025-07-15 10:15:53,0,15.04,68,0,3,174,2300,25
2025-07-15 10:16:54,0,15.28,68,0,3,174,2300,25
2025-07-15 10:17:55,4,15.40,68,0,3,174,2300,25
2025-07-15 10:18:56,0,15.25,68,0,3,174,2300,25
2025-07-15 10:19:58,0,15.25,68,0,3,172,2300,25
2025-07-15 10:20:59,0,15.23,68,0,3,172,2300,25
2025-07-15 10:22:00,0,15.25,68,0,3,172,2300,25
2025-07-15 10:23:02,0,14.74,68,0,3,172,2300,25
2025-07-15 10:24:03,0,14.65,68,0,3,172,2300,25
2025-07-15 10:25:04,1,14.95,68,0,3,172,2301,25
2025-07-15 10:26:05,5,14.96,68,0,3,172,2301,25
2025-07-15 10:27:07,0,14.95,68,0,3,176,2301,25
Data:2025-07-15 10:28:01,CPU%:0,MEM%:14.90,DISK%:68,NETWORK:0,PORTS:3,PROCS:179,:PKGS:2301,:CJ:25
Data:2025-07-15 10:29:02,CPU%:1,MEM%:14.91,DISK%:68,NETWORK:0,PORTS:3,PROCS:179,:PKGS:2301,:CJ:25
Data:2025-07-15 10:30:03,CPU%:0,MEM%:14.98,DISK%:68,NETWORK:0,PORTS:3,PROCS:179,:PKGS:2301,:CJ:25
Data:2025-07-15 10:31:04,CPU%:1,MEM%:15.05,DISK%:68,NETWORK:0,PORTS:3,PROCS:179,:PKGS:2301,:CJ:25
Data:2025-07-15 10:31:38,CPU%:2,MEM%:15.06,DISK%:68,NETWORK:22032808,PORTS:3,PROCS:179,PKGS:2301,CJ:25
Data:2025-07-15 10:32:39,CPU%:0,MEM%:15.00,DISK%:68,NETWORK:22043630,PORTS:3,PROCS:173,PKGS:2301,CJ:25
Data:2025-07-15 10:33:40,CPU%:0,MEM%:15.03,DISK%:68,NETWORK:22064974,PORTS:3,PROCS:172,PKGS:2301,CJ:25
Data:2025-07-15 10:34:41,CPU%:0,MEM%:15.04,DISK%:68,NETWORK:22066466,PORTS:3,PROCS:172,PKGS:2301,CJ:25
Data:2025-07-15 10:35:43,CPU%:0,MEM%:15.05,DISK%:68,NETWORK:22067364,PORTS:3,PROCS:173,PKGS:2301,CJ:25
Data:2025-07-15 10:36:44,CPU%:0,MEM%:15.06,DISK%:68,NETWORK:22068530,PORTS:3,PROCS:173,PKGS:2301,CJ:25
Data:2025-07-15 10:37:45,CPU%:0,MEM%:15.09,DISK%:68,NETWORK:22070460,PORTS:3,PROCS:173,PKGS:2301,CJ:25
Data:2025-07-15 10:38:46,CPU%:0,MEM%:15.08,DISK%:68,NETWORK:22075299,PORTS:3,PROCS:173,PKGS:2301,CJ:25
Data:2025-07-15 10:39:48,CPU%:0,MEM%:15.12,DISK%:68,NETWORK:22076485,PORTS:3,PROCS:173,PKGS:2301,CJ:25
Data:2025-07-15 10:40:49,CPU%:0,MEM%:15.15,DISK%:68,NETWORK:22077773,PORTS:3,PROCS:172,PKGS:2301,CJ:25
Data:2025-07-15 10:41:50,CPU%:0,MEM%:15.15,DISK%:68,NETWORK:22078498,PORTS:3,PROCS:172,PKGS:2301,CJ:25
Data:2025-07-15 10:42:52,CPU%:0,MEM%:15.14,DISK%:68,NETWORK:22123646,PORTS:3,PROCS:172,PKGS:2301,CJ:25
Data:2025-07-15 10:43:53,CPU%:0,MEM%:15.20,DISK%:68,NETWORK:22124736,PORTS:3,PROCS:172,PKGS:2301,CJ:25
Data:2025-07-15 10:44:54,CPU%:0,MEM%:15.16,DISK%:68,NETWORK:22157211,PORTS:3,PROCS:172,PKGS:2301,CJ:25
Data:2025-07-15 10:45:56,CPU%:0,MEM%:15.14,DISK%:68,NETWORK:22157873,PORTS:3,PROCS:173,PKGS:2301,CJ:25
Data:2025-07-15 10:46:57,CPU%:0,MEM%:15.19,DISK%:68,NETWORK:22159901,PORTS:3,PROCS:173,PKGS:2301,CJ:25
Data:2025-07-15 10:47:58,CPU%:0,MEM%:15.21,DISK%:68,NETWORK:22160748,PORTS:3,PROCS:173,PKGS:2301,CJ:25
Data:2025-07-15 10:49:00,CPU%:0,MEM%:15.21,DISK%:68,NETWORK:22161190,PORTS:3,PROCS:173,PKGS:2301,CJ:25
Data:2025-07-15 10:50:01,CPU%:0,MEM%:15.21,DISK%:68,NETWORK:22162068,PORTS:3,PROCS:173,PKGS:2301,CJ:25
Data:2025-07-15 10:51:02,CPU%:0,MEM%:15.17,DISK%:68,NETWORK:22162410,PORTS:3,PROCS:172,PKGS:2301,CJ:25
Data:2025-07-15 10:52:03,CPU%:0,MEM%:15.19,DISK%:68,NETWORK:22164122,PORTS:3,PROCS:172,PKGS:2301,CJ:25
Data:2025-07-15 10:53:05,CPU%:0,MEM%:15.18,DISK%:68,NETWORK:22164466,PORTS:3,PROCS:172,PKGS:2301,CJ:25
Data:2025-07-15 10:54:06,CPU%:0,MEM%:15.17,DISK%:68,NETWORK:22164910,PORTS:3,PROCS:172,PKGS:2301,CJ:25
Data:2025-07-15 10:55:07,CPU%:0,MEM%:14.94,DISK%:68,NETWORK:22165790,PORTS:3,PROCS:173,PKGS:2301,CJ:25
Data:2025-07-15 10:56:08,CPU%:0,MEM%:15.18,DISK%:68,NETWORK:22166134,PORTS:3,PROCS:172,PKGS:2301,CJ:25
Data:2025-07-15 10:57:10,CPU%:66,MEM%:15.91,DISK%:68,NETWORK:22717258,PORTS:3,PROCS:172,PKGS:2301,CJ:25
Data:2025-07-15 10:58:11,CPU%:11,MEM%:16.42,DISK%:68,NETWORK:22949762,PORTS:3,PROCS:174,PKGS:2301,CJ:25
Data:2025-07-15 10:59:12,CPU%:0,MEM%:16.32,DISK%:68,NETWORK:23077303,PORTS:3,PROCS:174,PKGS:2301,CJ:25
Data:2025-07-15 11:00:13,CPU%:6,MEM%:16.40,DISK%:68,NETWORK:23199872,PORTS:3,PROCS:174,PKGS:2301,CJ:25
Data:2025-07-15 11:15:25,CPU%:5,MEM%:17.89,DISK%:68,NETWORK:25658837,PORTS:3,PROCS:172,PKGS:2301,CJ:25
Data:2025-07-15 11:15:34,CPU%:4,MEM%:17.88,DISK%:68,NETWORK:25659211,PORTS:3,PROCS:172,PKGS:2301,CJ:25
Data:2025-07-15 11:16:35,CPU%:0,MEM%:18.20,DISK%:68,NETWORK:25718999,PORTS:3,PROCS:172,PKGS:2301,CJ:25
Data:2025-07-15 11:17:20,CPU%:6,MEM%:18.07,DISK%:68,NETWORK:25729828,PORTS:3,PROCS:172,PKGS:2301,CJ:25,TOP3_CPU:cinnamon,Isolated,firefox-bin,TOP3_MEM:Isolated,firefox-bin,cinnamon
